username,name,email,password
kepsek001,Kepala SMPN 1 Tasikmalaya,kepsek001@gmail.com,kepsek
kepsek002,Kepala SMPN 2 Tasikmalaya,kepsek002@gmail.com,kepsek
kepsek003,Kepala SMPN 3 Tasikmalaya,kepsek003@gmail.com,kepsek
kepsek004,Kepala SMPN 4 Tasikmalaya,kepsek004@gmail.com,kepsek
kepsek005,Kepala SMPN 5 Tasikmalaya,kepsek005@gmail.com,kepsek
kepsek006,Kepala SMPN 6 Tasikmalaya,kepsek006@gmail.com,kepsek
kepsek007,Kepala SMPN 7 Tasikmalaya,kepsek007@gmail.com,kepsek
kepsek008,Kepala SMPN 8 Tasikmalaya,kepsek008@gmail.com,kepsek
kepsek009,Kepala SMPN 9 Tasikmalaya,kepsek009@gmail.com,kepsek
kepsek010,Kepala SMPN 10 Tasikmalaya,kepsek010@gmail.com,kepsek
kepsek011,Kepala SMPN 11 Tasikmalaya,kepsek011@gmail.com,kepsek
kepsek012,Kepala SMPN 12 Tasikmalaya,kepsek012@gmail.com,kepsek
kepsek013,Kepala SMPN 13 Tasikmalaya,kepsek013@gmail.com,kepsek
kepsek014,Kepala SMPN 14 Tasikmalaya,kepsek014@gmail.com,kepsek
kepsek015,Kepala SMPN 15 Tasikmalaya,kepsek015@gmail.com,kepsek
kepsek016,Kepala SMPN 16 Tasikmalaya,kepsek016@gmail.com,kepsek
kepsek017,Kepala SMPN 17 Tasikmalaya,kepsek017@gmail.com,kepsek
kepsek018,Kepala SMPN 18 Tasikmalaya,kepsek018@gmail.com,kepsek
kepsek019,Kepala SMPN 19 Tasikmalaya,kepsek019@gmail.com,kepsek
kepsek020,Kepala SMPN 20 Tasikmalaya,kepsek020@gmail.com,kepsek
kepsek021,Kepala SMPN 21 Tasikmalaya,kepsek021@gmail.com,kepsek
kepsek022,Kepala SMAN 1 Tasikmalaya,kepsek022@gmail.com,kepsek
kepsek023,Kepala SMAN 2 Tasikmalaya,kepsek023@gmail.com,kepsek
kepsek024,Kepala SMAN 3 Tasikmalaya,kepsek024@gmail.com,kepsek
kepsek025,Kepala SMAN 4 Tasikmalaya,kepsek025@gmail.com,kepsek
kepsek026,Kepala SMAN 5 Tasikmalaya,kepsek026@gmail.com,kepsek
kepsek027,Kepala SMAN 6 Tasikmalaya,kepsek027@gmail.com,kepsek
kepsek028,Kepala SMAN 7 Tasikmalaya,kepsek028@gmail.com,kepsek
kepsek029,Kepala SMAN 8 Tasikmalaya,kepsek029@gmail.com,kepsek
kepsek030,Kepala SMAN 9 Tasikmalaya,kepsek030@gmail.com,kepsek
kepsek031,Kepala SMAN 10 Tasikmalaya,kepsek031@gmail.com,kepsek
kepsek032,Kepala SMAN 1 Manonjaya,kepsek032@gmail.com,kepsek
kepsek033,Kepala SMAN 1 Singaparna,kepsek033@gmail.com,kepsek
kepsek034,Kepala SMAN 2 Singaparna,kepsek034@gmail.com,kepsek
kepsek035,Kepala SMAN 1 Ciamis,kepsek035@gmail.com,kepsek
kepsek036,Kepala SMAN 2 Ciamis,kepsek036@gmail.com,kepsek
kepsek037,Kepala SMAN 3 Ciamis,kepsek037@gmail.com,kepsek
kepsek038,Kepala SMAN 1 Baregbeg,kepsek038@gmail.com,kepsek
kepsek039,Kepala SMAN 1 Cihaurbeuti,kepsek039@gmail.com,kepsek
kepsek040,Kepala SMAN 1 Jatiwaras,kepsek040@gmail.com,kepsek
